<?xml version="1.0" encoding="utf-8" ?>
<odoo>
    <data noupdate="0">
            <!-- Freight Access Rules -->
        <record id="freight_security_rule_portal" model="ir.rule">
            <field name="name">Portal Personal Quotations/Sales Orders</field>
            <field name="model_id" ref="tk_freight.model_freight_shipment"/>
            <field name="domain_force">['|', ('consignee_id','=',user.partner_id.id), ('shipper_id','=',user.partner_id.id)]</field>
            <field name="groups" eval="[(4, ref('base.group_portal'))]"/>
            <field name="perm_unlink" eval="True"/>
            <field name="perm_write" eval="True"/>
            <field name="perm_read" eval="True"/>
            <field name="perm_create" eval="False"/>
        </record>
    </data>
</odoo>