<?xml version="1.0" encoding="UTF-8"?>
<templates id="template" xml:space="preserve">
    <t t-name="tk_freight.template_freight_dashboard" owl="1">
        <section class="section freight_dashboard">
            <div class="container">
                <div class="row">
                    <div class="col-md-12 mb-4 mt32 mb16">
                        <div class="row">
                            <div class="col-12 col-sm-12 col-md-5">
                                <h2 class="section-header">Shipments</h2>
                            </div>
                        </div>
                        <hr/>
                    </div>
                </div>
                <div class="row">
                    <div class="col-md-4 col-lg-4 col-sm-6 air-shipment" t-on-click="() => this.viewDashboardStatic('air')">
                        <div class="card card-xl-stretch mb-xl-8">
                            <div class="card-body p-0">
                                <div class="d-flex flex-stack card-p flex-grow-1">
                                    <span class="symbol symbol-50px me-2">
                                        <span class="symbol-label bg-light-info">
                                            <span class="svg-icon svg-icon-info svg-icon-muted svg-icon-2hx">
                                                <svg width="24" height="24" viewBox="0 0 24 24" fill="none"
                                                    xmlns="http://www.w3.org/2000/svg">
                                                    <path d="M8.39961 20.5073C7.29961 20.5073 6.39961 19.6073 6.39961 18.5073C6.39961 17.4073 7.29961 16.5073 8.39961 16.5073H9.89961C11.7996 16.5073 13.3996 14.9073 13.3996 13.0073C13.3996 11.1073 11.7996 9.50732 9.89961 9.50732H8.09961L6.59961 11.2073C6.49961 11.3073 6.29961 11.4073 6.09961 11.5073C6.19961 11.5073 6.19961 11.5073 6.29961 11.5073H9.79961C10.5996 11.5073 11.2996 12.2073 11.2996 13.0073C11.2996 13.8073 10.5996 14.5073 9.79961 14.5073H8.39961C6.19961 14.5073 4.39961 16.3073 4.39961 18.5073C4.39961 20.7073 6.19961 22.5073 8.39961 22.5073H15.3996V20.5073H8.39961Z" fill="currentColor"/>
                                                    <path opacity="0.3" d="M8.89961 8.7073L6.69961 11.2073C6.29961 11.6073 5.59961 11.6073 5.19961 11.2073L2.99961 8.7073C2.19961 7.8073 1.7996 6.50732 2.0996 5.10732C2.3996 3.60732 3.5996 2.40732 5.0996 2.10732C7.6996 1.50732 9.99961 3.50734 9.99961 6.00734C9.89961 7.00734 9.49961 8.0073 8.89961 8.7073Z" fill="currentColor"/>
                                                    <path d="M5.89961 7.50732C6.72804 7.50732 7.39961 6.83575 7.39961 6.00732C7.39961 5.1789 6.72804 4.50732 5.89961 4.50732C5.07119 4.50732 4.39961 5.1789 4.39961 6.00732C4.39961 6.83575 5.07119 7.50732 5.89961 7.50732Z" fill="currentColor"/>
                                                    <path opacity="0.3" d="M17.3996 22.5073H15.3996V13.5073C15.3996 12.9073 15.7996 12.5073 16.3996 12.5073C16.9996 12.5073 17.3996 12.9073 17.3996 13.5073V22.5073Z" fill="currentColor"/>
                                                    <path d="M21.3996 18.5073H15.3996V13.5073H21.3996C22.1996 13.5073 22.5996 14.4073 22.0996 15.0073L21.2996 16.0073L22.0996 17.0073C22.6996 17.6073 22.1996 18.5073 21.3996 18.5073Z" fill="currentColor"/>
                                                </svg>
                                            </span>
                                        </span>
                                    </span>
                                    <div class="d-flex flex-column text-end">
                                        <span class="text-dark fw-bolder fs-2" id="air">
                                            <t t-esc="state.freightStats['air']" />
                                        </span>
                                        <span class="text-muted fw-bold mt-1">Air Shipment</span>
                                    </div>
                                </div>
                            </div>
                        </div>
                    </div>
                    <div class="col-md-4 col-lg-4 col-sm-6 ocean-shipment" t-on-click="() => this.viewDashboardStatic('ocean')">
                        <div class="card card-xl-stretch mb-xl-8">
                            <!--begin::Body-->
                            <div class="card-body p-0">
                                <div class="d-flex flex-stack card-p flex-grow-1">
                                    <span class="symbol symbol-50px me-2">
                                        <span class="symbol-label bg-light-ship">
                                            <span class="svg-icon svg-icon-muted svg-icon-general svg-icon-2hx">
                                                <svg width="24" height="24" viewBox="0 0 24 24" fill="none"
                                                    xmlns="http://www.w3.org/2000/svg">
                                                    <path d="M17.5 7.89998L14.8 14.8L13.4 13.3999C14.2 12.5999 14.2 11.4001 13.4 10.6001C12.6 9.80006 11.4 9.80006 10.6 10.6001L9.20001 9.19991L16.1 6.49996C17 6.19996 17.8 6.99998 17.5 7.89998ZM12.7 11.3C12.3 10.9 11.7 10.9 11.3 11.3C10.9 11.7 10.9 12.2999 11.3 12.6999C11.7 13.0999 12.3 13.0999 12.7 12.6999C13.1 12.2999 13.1 11.7 12.7 11.3Z" fill="currentColor"/>
                                                    <path opacity="0.3" d="M22 12C22 17.5 17.5 22 12 22C6.5 22 2 17.5 2 12C2 6.5 6.5 2 12 2C17.5 2 22 6.5 22 12ZM16.1 6.5L9.20001 9.19995L6.5 16.1001C6.2 17.0001 6.99999 17.8 7.89999 17.5L14.8 14.8L17.5 7.90002C17.8 7.00002 17 6.2 16.1 6.5Z" fill="currentColor"/>
                                                </svg>
                                            </span>
                                        </span>
                                    </span>
                                    <div class="d-flex flex-column text-end">
                                        <span class="text-dark fw-bolder fs-2" id="ocean">
                                            <t t-esc="state.freightStats['ocean']" />
                                        </span>
                                        <span class="text-muted fw-bold mt-1">Ocean Shipment</span>
                                    </div>
                                </div>
                            </div>
                        </div>
                    </div>
                    <div class="col-md-4 col-lg-4 col-sm-6 land-shipment" t-on-click="() => this.viewDashboardStatic('land')">
                        <div class="card card-xl-stretch mb-xl-8">
                            <div class="card-body p-0">
                                <div class="d-flex flex-stack card-p flex-grow-1">
                                    <span class="symbol symbol-50px me-2">
                                        <span class="symbol-label bg-light-danger">
                                            <span class="svg-icon svg-icon-danger svg-icon-muted svg-icon-2hx">
                                                <svg width="24" height="24" viewBox="0 0 24 24" fill="none"
                                                    xmlns="http://www.w3.org/2000/svg">
                                                    <path opacity="0.3" d="M18.0624 15.3453L13.1624 20.7453C12.5624 21.4453 11.5624 21.4453 10.9624 20.7453L6.06242 15.3453C4.56242 13.6453 3.76242 11.4453 4.06242 8.94534C4.56242 5.34534 7.46242 2.44534 11.0624 2.04534C15.8624 1.54534 19.9624 5.24534 19.9624 9.94534C20.0624 12.0453 19.2624 13.9453 18.0624 15.3453Z" fill="currentColor"/>
                                                    <path d="M12.0624 13.0453C13.7193 13.0453 15.0624 11.7022 15.0624 10.0453C15.0624 8.38849 13.7193 7.04535 12.0624 7.04535C10.4056 7.04535 9.06241 8.38849 9.06241 10.0453C9.06241 11.7022 10.4056 13.0453 12.0624 13.0453Z" fill="currentColor"/>
                                                </svg>
                                            </span>
                                        </span>
                                    </span>
                                    <div class="d-flex flex-column text-end">
                                        <span class="text-dark fw-bolder fs-2" id="land">
                                            <t t-esc="state.freightStats['land']" />
                                        </span>
                                        <span class="text-muted fw-bold mt-1">Land Shipment</span>
                                    </div>
                                </div>
                            </div>
                        </div>
                    </div>
                </div>
                <div class="row">
                    <div class="col-md-12 mb-4 mt32 mb16">
                        <div class="row">
                            <div class="col-12 col-sm-12 col-md-5">
                                <h2 class="section-header">Statistics</h2>
                            </div>
                        </div>
                        <hr/>
                    </div>
                </div>
                <div class="row">
                    <div class="col-md-4 col-lg-4 col-sm-6 house-shipment" t-on-click="() => this.viewDashboardStatic('house')">
                        <div class="card card-xl-stretch mb-xl-8">
                            <div class="card-body p-0">
                                <div class="d-flex flex-stack card-p flex-grow-1">
                                    <span class="symbol symbol-50px me-2">
                                        <span class="symbol-label bg-light-info">
                                            <span class="svg-icon svg-icon-muted svg-icon-info svg-icon-2hx">
                                                <svg width="24" height="24" viewBox="0 0 24 24" fill="none"
                                                    xmlns="http://www.w3.org/2000/svg">
                                                    <path d="M20 19.725V18.725C20 18.125 19.6 17.725 19 17.725H5C4.4 17.725 4 18.125 4 18.725V19.725H3C2.4 19.725 2 20.125 2 20.725V21.725H22V20.725C22 20.125 21.6 19.725 21 19.725H20Z" fill="currentColor"/>
                                                    <path opacity="0.3" d="M22 6.725V7.725C22 8.325 21.6 8.725 21 8.725H18C18.6 8.725 19 9.125 19 9.725C19 10.325 18.6 10.725 18 10.725V15.725C18.6 15.725 19 16.125 19 16.725V17.725H15V16.725C15 16.125 15.4 15.725 16 15.725V10.725C15.4 10.725 15 10.325 15 9.725C15 9.125 15.4 8.725 16 8.725H13C13.6 8.725 14 9.125 14 9.725C14 10.325 13.6 10.725 13 10.725V15.725C13.6 15.725 14 16.125 14 16.725V17.725H10V16.725C10 16.125 10.4 15.725 11 15.725V10.725C10.4 10.725 10 10.325 10 9.725C10 9.125 10.4 8.725 11 8.725H8C8.6 8.725 9 9.125 9 9.725C9 10.325 8.6 10.725 8 10.725V15.725C8.6 15.725 9 16.125 9 16.725V17.725H5V16.725C5 16.125 5.4 15.725 6 15.725V10.725C5.4 10.725 5 10.325 5 9.725C5 9.125 5.4 8.725 6 8.725H3C2.4 8.725 2 8.325 2 7.725V6.725L11 2.225C11.6 1.925 12.4 1.925 13.1 2.225L22 6.725ZM12 3.725C11.2 3.725 10.5 4.425 10.5 5.225C10.5 6.025 11.2 6.725 12 6.725C12.8 6.725 13.5 6.025 13.5 5.225C13.5 4.425 12.8 3.725 12 3.725Z" fill="currentColor"/>
                                                </svg>
                                            </span>
                                        </span>
                                    </span>
                                    <div class="d-flex flex-column text-end">
                                        <span class="text-dark fw-bolder fs-2" id="house_count">
                                            <t t-esc="state.freightStats['house_count']" />
                                        </span>
                                        <span class="text-muted fw-bold mt-1">House Shipment</span>
                                    </div>
                                </div>
                            </div>
                        </div>
                    </div>
                    <div class="col-md-4 col-lg-4 col-sm-6 direct-shipment" t-on-click="() => this.viewDashboardStatic('direct')">
                        <div class="card card-xl-stretch mb-xl-8">
                            <div class="card-body p-0">
                                <div class="d-flex flex-stack card-p flex-grow-1">
                                    <span class="symbol symbol-50px me-2">
                                        <span class="symbol-label bg-light-success">
                                            <span class="svg-icon svg-icon-muted svg-icon-success svg-icon-2hx">
                                                <svg width="24" height="24" viewBox="0 0 24 24" fill="none"
                                                    xmlns="http://www.w3.org/2000/svg">
                                                    <path opacity="0.3" d="M18.0624 15.3454L13.1624 20.7453C12.5624 21.4453 11.5624 21.4453 10.9624 20.7453L6.06242 15.3454C4.56242 13.6454 3.76242 11.4452 4.06242 8.94525C4.56242 5.34525 7.46242 2.44534 11.0624 2.04534C15.8624 1.54534 19.9624 5.24525 19.9624 9.94525C20.0624 12.0452 19.2624 13.9454 18.0624 15.3454ZM13.0624 10.0453C13.0624 9.44534 12.6624 9.04534 12.0624 9.04534C11.4624 9.04534 11.0624 9.44534 11.0624 10.0453V13.0453H13.0624V10.0453Z" fill="currentColor"/>
                                                    <path d="M12.6624 5.54531C12.2624 5.24531 11.7624 5.24531 11.4624 5.54531L8.06241 8.04531V12.0453C8.06241 12.6453 8.46241 13.0453 9.06241 13.0453H11.0624V10.0453C11.0624 9.44531 11.4624 9.04531 12.0624 9.04531C12.6624 9.04531 13.0624 9.44531 13.0624 10.0453V13.0453H15.0624C15.6624 13.0453 16.0624 12.6453 16.0624 12.0453V8.04531L12.6624 5.54531Z" fill="currentColor"/>
                                                </svg>
                                            </span>
                                        </span>
                                    </span>
                                    <div class="d-flex flex-column text-end">
                                        <span class="text-dark fw-bolder fs-2" id="direct_count">
                                            <t t-esc="state.freightStats['direct_count']" />
                                        </span>
                                        <span class="text-muted fw-bold mt-1">Direct Shipment</span>
                                    </div>
                                </div>
                            </div>
                        </div>
                    </div>
                    <div class="col-md-4 col-lg-4 col-sm-6 master-shipment" t-on-click="() => this.viewDashboardStatic('master')">
                        <div class="card card-xl-stretch mb-xl-8">
                            <div class="card-body p-0">
                                <div class="d-flex flex-stack card-p flex-grow-1">
                                    <span class="symbol symbol-50px me-2">
                                        <span class="symbol-label bg-light-danger">
                                            <span class="svg-icon svg-icon-danger svg-icon-muted svg-icon-2hx">
                                                <svg xmlns="http://www.w3.org/2000/svg" width="24" height="24" viewBox="0 0 24 24" fill="none">
                                                    <path opacity="0.3" d="M6 22H4V3C4 2.4 4.4 2 5 2C5.6 2 6 2.4 6 3V22Z" fill="black"/>
                                                    <path d="M18 14H4V4H18C18.8 4 19.2 4.9 18.7 5.5L16 9L18.8 12.5C19.3 13.1 18.8 14 18 14Z" fill="black"/>
                                                </svg>
                                            </span>
                                        </span>
                                    </span>
                                    <div class="d-flex flex-column text-end">
                                        <span class="text-dark fw-bolder fs-2" id="master_count">
                                            <t t-esc="state.freightStats['master_count']" />
                                        </span>
                                        <span class="text-muted fw-bold mt-1">Master Shipment</span>
                                    </div>
                                </div>
                            </div>
                        </div>
                    </div>
                </div>
                <div class="row mt32">
                    <div class="col-md-4 col-lg-4 col-sm-6 pending-booking" t-on-click="() => this.viewDashboardStatic('pending_booking')">
                        <div class="card card-xl-stretch mb-xl-8">
                            <div class="card-body p-0">
                                <div class="d-flex flex-stack card-p flex-grow-1">
                                    <span class="symbol symbol-50px me-2">
                                        <span class="symbol-label bg-light-warning">
                                            <span class="svg-icon svg-icon-muted svg-icon-warning svg-icon-2hx">
                                                <svg width="24" height="24" viewBox="0 0 24 24" fill="none"
                                                    xmlns="http://www.w3.org/2000/svg">
                                                    <path opacity="0.3" d="M18 21.6C16.3 21.6 15 20.3 15 18.6V2.50001C15 2.20001 14.6 1.99996 14.3 2.19996L13 3.59999L11.7 2.3C11.3 1.9 10.7 1.9 10.3 2.3L9 3.59999L7.70001 2.3C7.30001 1.9 6.69999 1.9 6.29999 2.3L5 3.59999L3.70001 2.3C3.50001 2.1 3 2.20001 3 3.50001V18.6C3 20.3 4.3 21.6 6 21.6H18Z" fill="currentColor"/>
                                                    <path d="M12 12.6H11C10.4 12.6 10 12.2 10 11.6C10 11 10.4 10.6 11 10.6H12C12.6 10.6 13 11 13 11.6C13 12.2 12.6 12.6 12 12.6ZM9 11.6C9 11 8.6 10.6 8 10.6H6C5.4 10.6 5 11 5 11.6C5 12.2 5.4 12.6 6 12.6H8C8.6 12.6 9 12.2 9 11.6ZM9 7.59998C9 6.99998 8.6 6.59998 8 6.59998H6C5.4 6.59998 5 6.99998 5 7.59998C5 8.19998 5.4 8.59998 6 8.59998H8C8.6 8.59998 9 8.19998 9 7.59998ZM13 7.59998C13 6.99998 12.6 6.59998 12 6.59998H11C10.4 6.59998 10 6.99998 10 7.59998C10 8.19998 10.4 8.59998 11 8.59998H12C12.6 8.59998 13 8.19998 13 7.59998ZM13 15.6C13 15 12.6 14.6 12 14.6H10C9.4 14.6 9 15 9 15.6C9 16.2 9.4 16.6 10 16.6H12C12.6 16.6 13 16.2 13 15.6Z" fill="currentColor"/>
                                                    <path d="M15 18.6C15 20.3 16.3 21.6 18 21.6C19.7 21.6 21 20.3 21 18.6V12.5C21 12.2 20.6 12 20.3 12.2L19 13.6L17.7 12.3C17.3 11.9 16.7 11.9 16.3 12.3L15 13.6V18.6Z" fill="currentColor"/>
                                                </svg>
                                            </span>
                                        </span>
                                    </span>
                                    <div class="d-flex flex-column text-end">
                                        <span class="text-dark fw-bolder fs-2" id="pending_booking">
                                            <t t-esc="state.freightStats['pending_booking']" />
                                        </span>
                                        <span class="text-muted fw-bold mt-1">Pending Booking</span>
                                    </div>
                                </div>
                            </div>
                        </div>
                    </div>
                    <div class="col-md-4 col-lg-4 col-sm-6 total-port" t-on-click="() => this.viewDashboardStatic('port')">
                        <div class="card card-xl-stretch mb-xl-8">
                            <div class="card-body p-0">
                                <div class="d-flex flex-stack card-p flex-grow-1">
                                    <span class="symbol symbol-50px me-2">
                                        <span class="symbol-label bg-light-progress">
                                            <span class="svg-icon svg-icon-progress svg-icon-muted svg-icon-2hx">
                                                <svg width="24" height="24" viewBox="0 0 24 24" fill="none"
                                                    xmlns="http://www.w3.org/2000/svg">
                                                    <path opacity="0.3" d="M18 20.3C20.2091 20.3 22 18.5092 22 16.3C22 14.0909 20.2091 12.3 18 12.3C15.7909 12.3 14 14.0909 14 16.3C14 18.5092 15.7909 20.3 18 20.3Z" fill="currentColor"/>
                                                    <path d="M18 18.3C17.4 18.3 17 17.9 17 17.3V15.3C17 14.7 17.4 14.3 18 14.3C18.6 14.3 19 14.7 19 15.3V17.3C19 17.9 18.6 18.3 18 18.3Z" fill="currentColor"/>
                                                    <path d="M14.4 18.1001C14.5 18.5001 14.4 19.0001 14 19.2001C13.8 19.3001 13.7 19.3 13.5 19.3C13.2 19.3 12.8 19.1 12.6 18.8V18.7001C12.1 18.9001 11.6 19.0001 11 19.1001V19.2001C11 19.8001 10.6 20.2001 10 20.2001C9.4 20.2001 9 19.8001 9 19.2001V19.1001C8.4 19.0001 7.89999 18.9001 7.39999 18.7001V18.8C7.19999 19.1 6.9 19.3 6.5 19.3C6.3 19.3 6.2 19.3001 6 19.2001C5.5 18.9001 5.40001 18.3 5.60001 17.8V17.7001C5.20001 17.4001 4.79999 17 4.39999 16.5H4.3C4.1 16.6 4 16.6001 3.8 16.6001C3.5 16.6001 3.09999 16.4001 2.89999 16.1001C2.59999 15.6001 2.8 15.0001 3.3 14.7001H3.39999C3.19999 14.2001 3.1 13.7001 3 13.1001C2.4 13.1001 2 12.7001 2 12.1001C2 11.5001 2.4 11.1001 3 11.1001H3.10001C3.20001 10.5001 3.3 10 3.5 9.5H3.39999C2.89999 9.2 2.8 8.6001 3 8.1001C3.3 7.6001 3.89999 7.50007 4.39999 7.70007H4.5C4.8 7.30007 5.2 6.9 5.7 6.5V6.40002C5.4 5.90002 5.60001 5.3 6.10001 5C6.60001 4.7 7.2 4.90002 7.5 5.40002V5.5C8 5.3 8.50001 5.2001 9.10001 5.1001V5C9.10001 4.4 9.50001 4 10.1 4C10.7 4 11.1 4.4 11.1 5V5.1001C11.7 5.2001 12.2 5.3 12.7 5.5V5.40002C13 4.90002 13.6 4.8 14.1 5C14.6 5.3 14.7 5.90002 14.5 6.40002V6.5C14.9 6.8 15.3 7.20007 15.7 7.70007H15.8C16.3 7.40007 16.9 7.6001 17.2 8.1001C17.5 8.6001 17.3 9.2 16.8 9.5H16.7C16.9 10 17 10.5001 17.1 11.1001H17.2C17.8 11.1001 18.2 11.5001 18.2 12.1001C16 12.1001 14.2 13.9001 14.2 16.1001C14 17.0001 14.2 17.6001 14.4 18.1001ZM11.8 8.40002H8.89999C8.59999 8.40002 8.4 8.5001 8.2 8.6001C8.1 8.7001 7.99999 9.00005 7.89999 9.30005L7.39999 11.9C7.39999 12.1 7.3 12.3 7.3 12.3C7.3 12.5 7.4 12.6001 7.5 12.7001C7.6 12.8001 7.8 12.9 8 12.9C8.2 12.9 8.40001 12.8001 8.60001 12.6001C8.90001 12.4001 9.1 12.3001 9.2 12.2001C9.3 12.1001 9.59999 12.1001 9.89999 12.1001C10.2 12.1001 10.4 12.2 10.6 12.3C10.8 12.4 11 12.6 11.1 12.9C11.2 13.2 11.3 13.5 11.3 13.8C11.3 14.1 11.2 14.4001 11.1 14.7001C11 15.0001 10.8 15.2 10.6 15.3C10.4 15.4 10.1 15.5 9.89999 15.5C9.59999 15.5 9.30001 15.4001 9.10001 15.2001C8.80001 15.0001 8.7 14.8 8.5 14.4C8.3 14 8.1 13.9 7.8 13.9C7.6 13.9 7.5 14.0001 7.3 14.1001C7.2 14.2001 7.10001 14.4 7.10001 14.5C7.10001 14.7 7.19999 15 7.39999 15.3C7.59999 15.6 7.9 15.9001 8.3 16.1001C8.7 16.3001 9.19999 16.5 9.89999 16.5C10.5 16.5 11 16.4001 11.5 16.1001C12 15.8001 12.3 15.5001 12.5 15.1001C12.7 14.7001 12.9 14.2001 12.9 13.6001C12.9 13.2001 12.8 12.9001 12.7 12.6001C12.6 12.3001 12.4 12 12.2 11.8C12 11.6 11.7 11.4 11.4 11.3C11.1 11.2 10.8 11.1001 10.4 11.1001C9.99999 11.1001 9.5 11.2 9 11.5L9.3 9.70007H11.9C12.2 9.70007 12.4 9.6 12.5 9.5C12.6 9.4 12.7 9.2 12.7 9C12.6 8.6 12.3 8.40002 11.8 8.40002Z" fill="currentColor"/>
                                                </svg>
                                            </span>
                                        </span>
                                    </span>
                                    <div class="d-flex flex-column text-end">
                                        <span class="text-dark fw-bolder fs-2" id="total_port">
                                            <t t-esc="state.freightStats['total_port']" />
                                        </span>
                                        <span class="text-muted fw-bold mt-1">Total Port</span>
                                    </div>
                                </div>
                            </div>
                        </div>
                    </div>
                    <div class="col-md-4 col-lg-4 col-sm-6 total-packages" t-on-click="() => this.viewDashboardStatic('package')">
                        <div class="card card-xl-stretch mb-xl-8">
                            <div class="card-body p-0">
                                <div class="d-flex flex-stack card-p flex-grow-1">
                                    <span class="symbol symbol-50px me-2">
                                        <span class="symbol-label bg-light-ship">
                                            <span class="svg-icon svg-icon-muted svg-icon-general svg-icon-2hx">
                                                <svg width="24" height="24" viewBox="0 0 24 24" fill="none"
                                                    xmlns="http://www.w3.org/2000/svg">
                                                    <path d="M11 2.375L2 9.575V20.575C2 21.175 2.4 21.575 3 21.575H9C9.6 21.575 10 21.175 10 20.575V14.575C10 13.975 10.4 13.575 11 13.575H13C13.6 13.575 14 13.975 14 14.575V20.575C14 21.175 14.4 21.575 15 21.575H21C21.6 21.575 22 21.175 22 20.575V9.575L13 2.375C12.4 1.875 11.6 1.875 11 2.375Z" fill="currentColor"/>
                                                </svg>
                                            </span>
                                        </span>
                                    </span>
                                    <div class="d-flex flex-column text-end">
                                        <span class="text-dark fw-bolder fs-2" id="total_packages">
                                            <t t-esc="state.freightStats['total_packages']" />
                                        </span>
                                        <span class="text-muted fw-bold mt-1">Total Packages</span>
                                    </div>
                                </div>
                            </div>
                        </div>
                    </div>
                </div>
                <div class="mt64 mb16">
                    <h4>Freight Statistics</h4>
                </div>
                <div class="row">
                    <div class="col-md-12">
                        <div class="box mt16 mb16">
                            <h5 class="mb16">Shipment Status</h5>
                            <div id="freight_stage" t-ref="freightStages"></div>
                        </div>
                    </div>
                    <div class="col-md-4">
                        <div class="box mt16 mb16">
                            <div id="freight_operation" t-ref='freightOperation'></div>
                        </div>
                    </div>
                    <div class="col-md-4">
                        <div class="box mt16 mb16">
                            <h5 class="mb16">Transport Via</h5>
                            <div id="freight_transport" t-ref='freightTransport'></div>
                        </div>
                    </div>
                    <div class="col-md-4">
                        <div class="box mt16 mb16">
                            <h5 class="mb16">Direction</h5>
                            <div id="direction" t-ref='freightDirection'></div>
                        </div>
                    </div>
                    <div class="col-md-8">
                        <div class="box mt16 mb16">
                            <h5 class="mb16">Top 5 Consignee</h5>
                            <div id="top_consignee" t-ref='topConsignee'></div>
                        </div>
                    </div>
                    <div class="col-md-4">
                        <div class="box mt16 mb16">
                            <h5 class="mb16">Move Type</h5>
                            <div id="move_type" t-ref='moveType'></div>
                        </div>
                    </div>
                    <div class="col-md-12">
                        <div class="box mt16 mb16">
                            <h5 class="mb16">Shipment By Month</h5>
                            <div id="shipment_month" t-ref='shipmentMonth'></div>
                        </div>
                    </div>
                    <div class="col-md-12">
                        <div class="box mt16 mb16">
                            <h5 class="mb16">Top 10 Shipper</h5>
                            <div id="top_shipper" t-ref='topShipper'></div>
                        </div>
                    </div>
                    <div class="col-md-12">
                        <div class="box mt16 mb16">
                            <h5 class="mb16">Invoice and Bill by Month</h5>
                            <div id="invoice_bill" t-ref="invoiceBill"></div>
                        </div>
                    </div>
                </div>
            </div>
        </section>
    </t>
</templates>