<?xml version="1.0" encoding="utf-8"?>
<odoo>
    <data noupdate="1">
        <record id="freight_paper_format" model="report.paperformat">
            <field name="name">French Bank Check</field>
            <field name="default" eval="True"/>
            <field name="format">A4</field>
            <field name="page_height">0</field>
            <field name="page_width">0</field>
            <field name="orientation">Portrait</field>
            <field name="margin_top">4</field>
            <field name="margin_bottom">2</field>
            <field name="margin_left">2</field>
            <field name="margin_right">2</field>
            <field name="header_line" eval="False"/>
            <field name="header_spacing">3</field>
            <field name="dpi">80</field>
        </record>
    </data>
</odoo>