<?xml version="1.0" encoding="utf-8"?>
<odoo>
    <data noupdate="1">
        <record id="quot_booking_mail_template" model="mail.template">
            <field name="name">Quotation Booking Mail Template</field>
            <field name="model_id" ref="tk_freight.model_shipment_quotation"/>
            <field name="subject">Confirmation of Booking - Your Quotation {{ object.name }} is Converted to Booking
            </field>
            <field name="email_from">{{object.company_id.email}}</field>
            <field name="partner_to">{{ object.consignee_id.id }}</field>
            <field name="body_html" type="html">
                <br/>
                <span>
                    <h5>
                        Dear
                    </h5>
                    <h4>
                        <span t-field="object.consignee_id.name"/>
                    </h4>
                </span>
                <h6>
                    We are pleased to inform you that your quotation
                    <span t-field="object.name"/>
                    has been successfully converted into a booking.
                </h6>
                <hr/>
                <h6>
                    Booking Information are following:
                </h6>
                <ul>
                    <li>
                        Quotation Number:
                        <strong>
                            <span t-field="object.name"/>
                        </strong>
                    </li>
                    <li>
                        Booking Reference:
                        <strong>
                            <span t-field="object.booking_id.name"/>
                        </strong>
                    </li>
                    <li>Date of Booking:
                        <strong>
                            <span t-field="object.booking_id.create_datetime"/>
                        </strong>
                    </li>
                </ul>
                <br/>
                <p>
                    Please review the booking information provided above and notify us immediately if you identify any
                    discrepancies or if there are any changes required.
                </p>
                <br/>
                <p>
                    We would like to take this opportunity to remind you of the agreed-upon terms and conditions as
                    outlined
                    in the quotation. It is essential to ensure that all requirements are met to facilitate a smooth and
                    successful transportation process.
                </p>
                <br/>
                <p>
                    Thank you for choosing our services. For any questions or require further assistance, please do not
                    hesitate to contact our dedicated customer service team
                </p>
                <br/>
                <h6>
                    Please find attachment for quotation details
                </h6>
                <h5>
                    Best regards
                </h5>
                <h4>
                    <strong>
                        <t t-out="object.company_id.name"/>
                    </strong>
                </h4>
                <hr/>
                <span>
                    <h6>
                        <t t-out="object.company_id.name"/>
                    </h6>
                    <t t-out="object.company_id.phone"/>
                    <br/>
                    <t t-out="object.company_id.email"/>
                    <br/>
                    <t t-out="object.company_id.website"/>
                </span>


            </field>
            <field name="report_template_ids" eval="[(4, ref('tk_freight.freight_quot_report_id'))]"/>
            <field name="auto_delete" eval="True"/>
        </record>
    </data>
</odoo>